title,author,genres,responses,sources,fmc_present,fmc_name
The Mysterious Disappearance of Leon I Mean Noel,"Raskin, Ellen","['Mystery', 'Fiction', 'Young Adult', 'Childrens', 'Middle Grade', 'Humor', 'Juvenile']","[1, 'Mrs. Carillon']","['https://www.goodreads.com/book/show/2951360-the-mysterious-disappearance-of-leon', 'https://reads4tweens.com/the-mysterious-disappearance-of-leon-i-mean-noel/', 'https://www.penguinrandomhouse.com/books/302980/the-mysterious-disappearance-of-leon-i-mean-noel-by-ellen-raskin/', 'https://homeschoollifemag.com/blog/summer-reading-the-mysterious-disappearance-of-leon-i-mean-noel', 'https://www.kirkusreviews.com/book-reviews/ellen-raskin-0/the-mysterious-disappearance-of-leon-i-mean-noel/?page=28']",1,Mrs. Carillon
The Summer I Turned Pretty The Collection,"Han, Jenny *","['Romance', 'Young Adult', 'Contemporary', 'Fiction', 'Love', 'Chick Lit', 'Contemporary Romance']","[1, 'Belly Conklin']","['https://www.goodreads.com/book/show/25451959', 'https://www.dobleespacio.uchile.cl/access?docid=C28o188&FilesData=The_Complete_Summer_I_Turned_Pretty_Trilogy_Boxed_Set_The_Summer_I_Turned_Pretty_Its_Not_Summer_Without_You_Well_Always_Have_Summer_By_Jenny_Han.pdf', 'https://dobleespacio.uchile.cl/locs?pdfid=R42y189&FilesData=The_Complete_Summer_I_Turned_Pretty_Trilogy_Boxed_Set_The_Summer_I_Turned_Pretty_Its_Not_Summer_Without_You_Well_Alway.pdf', 'https://libraries.sa.gov.au/client/en_AU/sapubliclibraries/search/detailnonmodal.detail.mainpanel.fielddisplay.linktonewsearch?qu=First+loves+--+Juvenile+fiction.&dt=list&ps=500&sdcsrf=6711fd3b-5dc7-451f-b3b3-f9c60ce51d9d', 'https://buyloy.com/en/products/shopaholic-sister-book-4-shopaholic-series']",1,Belly Conklin
Complete Me Stark Trilogy 3,"Kenner, J. *","['Romance', 'BDSM', 'Contemporary Romance', 'Erotic Romance', 'Erotica', 'Contemporary', 'Adult']","[1, 'Nikki']","['https://www.goodreads.com/book/show/18129239-complete-me', 'https://www.goodreads.com/book/show/17411703-complete-me', 'http://guiltyindulgencebookclub.blogspot.com/2013/08/reviewcomplete-me-by-juliekenner.html', 'https://www.thereadingcafe.com/tag/stark-trilogy/', 'https://eager-reader.com/2013/05/']",1,Nikki
One More Chance Rosemary Beach 8 Chance 2,"Glines, Abbi *","['Romance', 'New Adult', 'Contemporary', 'Contemporary Romance', 'Young Adult', 'Chick Lit', 'Drama']","[1, 'Harlow Manning']","['https://www.goodreads.com/book/show/37803926', 'https://vilmairis.com/onemorechance/', 'https://readingbookswithcoffee.com/2016/05/23/book-review-one-more-chance-by-abbi-glines/', 'https://www.goodreads.com/book/show/20196821', 'https://parents.simonandschuster.com/9781476756578']",1,Harlow Manning
Sign Off Caught Dead in Wyoming 1,"McLinn, Patricia *","['Mystery', 'Fiction', 'Thriller', 'Mystery Thriller', 'Suspense', 'Contemporary', 'Cozy Mystery']","[1, ""Elizabeth 'E. M.' Danniher""]","['https://www.goodreads.com/book/show/25879760-sign-off', 'https://www.romance.io/series/58fe16cd4167a73342631e1d', 'https://www.romance.io/authors/54553f5b8c7d2382e7813640/patricia-mclinn', 'https://www.goodreads.com/shelf/show/tv-anchor-or-weatherman', 'http://freebooky.com/2016/09/']",1,Elizabeth 'E. M.' Danniher
First Love,"Turgenev, Ivan","['Fiction', 'Russia', 'Russian Literature', 'Romance', 'Classics', '19th Century', 'Literature']","[1, 'Princess Zinaida Alexandrovna Zasyekin']","['https://www.ebsco.com/research-starters/history/first-love-ivan-turgenev', 'https://en.wikipedia.org/wiki/First_Love_(novella)', 'https://www.beekmanschool.org/teaching-turgenevs-novella-first-love', 'https://www.enotes.com/topics/first-love/characters', 'https://www.bookrags.com/studyguide-first-love-classics-s/']",1,Princess Zinaida Alexandrovna Zasyekin
In the Country of Last Things,"Auster, Paul","['Fiction', 'Dystopia', 'Science Fiction', 'American', 'Novels', 'Post Apocalyptic', 'Literature']","[1, 'Anna Blume']","['https://en.wikipedia.org/wiki/In_the_Country_of_Last_Things', 'https://www.iupindia.in/1406/English%20Studies/The_Female_Quester.html', 'https://andrewblang.wordpress.com/2014/07/10/review-of-in-the-country-of-last-things-by-paul-auster/', 'http://jim-murdoch.blogspot.com/2012/08/in-country-of-last-things.html', 'https://repositorio.uchile.cl/bitstream/handle/2250/110279/Female-dramatic-presence-in-Paul-Austers-fiction.pdf']",1,Anna Blume
Tuesday Nights in 1980,"Prentiss, Molly","['Fiction', 'Historical Fiction', 'Art', 'New York', 'Literary Fiction', 'Historical', 'Contemporary']","[1, 'Lucy Olliason']","['https://mastersreview.com/book-review-tuesday-nights-in-1980-by-molly-prentiss/', 'https://www.simonandschuster.com/books/Tuesday-Nights-in-1980/Molly-Prentiss/9781501121050', 'https://booksaremyfavouriteandbest.com/2016/05/10/tuesday-nights-in-1980-by-molly-prentiss/', 'http://www.vol1brooklyn.com/2016/04/19/what-it-turned-into-was-really-specific-molly-prentiss-on-tuesday-nights-in-1980/', 'https://therumpus.net/2016/05/10/tuesday-nights-in-1980-by-molly-prentiss/']",1,Lucy Olliason
The Darkest Hour KGI 1,"Banks, Maya *","['Romance', 'Romantic Suspense', 'Military Fiction', 'Suspense', 'Contemporary', 'Contemporary Romance', 'Military Romance']","[1, 'Rachel']","['https://www.goodreads.com/book/show/9892634', 'https://goodbadandunread.com/2010/09/07/review-the-darkest-hour-by-maya-banks/', 'https://booklovinmamas.net/review-the-darkest-hour-by-maya-banks-romanceopoly2020/', 'https://smartbitchestrashybooks.com/reviews/rita-reader-challenge-review-the-darkest-hour-by-maya-banks/', 'https://mayabanks.com/books/darkest/']",1,Rachel
Treasure Hunters Treasure Hunters 1,"Patterson, James *","['Adventure', 'Middle Grade', 'Childrens', 'Mystery', 'Fiction', 'Juvenile', 'Family']","[1, 'Storm Kidd']","['https://bookbrief.io/books/treasure-hunters-james-patterson/character-analysis', 'https://en.wikipedia.org/wiki/Treasure_Hunters_(novel)', 'https://www.jamespatterson.com/series/james-patterson/treasure-hunters/', 'https://www.jimmypatterson.org/titles/james-patterson/treasure-hunters-the-greatest-treasure-hunt/9780316500364/', 'https://www.hachettebookgroup.com/titles/james-patterson/treasure-hunters-the-ultimate-quest/9780316500180/?lens=jimmy-patterson']",1,Storm Kidd
Honeymoon Honeymoon 1,"Patterson, James *","['Mystery', 'Fiction', 'Thriller', 'Suspense', 'Crime', 'Mystery Thriller', 'Romance']","[1, 'Nora Sinclair']","['https://www.goodreads.com/book/show/13147.Honeymoon', 'https://www.goodreads.com/book/show/685399', 'https://www.friendsbookstores.org/products/author/James%20Patterson/~/product_price_asc', 'https://www.whitepinebooks.com/products/author/Patterson,/~/product_id_desc?page=20', 'https://susansbooksandgifts.com/product-category/usedbooks/fiction?add-to-cart=506233']",1,Nora Sinclair
Tricksters Choice Daughter of the Lioness 1,"Pierce, Tamora *","['Fantasy', 'Young Adult', 'Fiction', 'Young Adult Fantasy', 'Magic', 'Adventure', 'Romance']","[1, 'Alianne (Aly) Cooper']","['https://www.goodreads.com/book/show/24431.Trickster_s_Choice', 'https://bookshelffantasies.com/2018/12/08/disappointment-between-the-covers-on-reading-tricksters-choice-and-tricksters-queen-by-tamora-pierce/', 'https://www.goodreads.com/book/show/34197014-trickster-s-choice', 'http://floor-to-ceiling-books.blogspot.com/2010/08/formidable-female-protagonists-2-alanna.html', 'https://app.thestorygraph.com/book_reviews/e5a5bbe4-97f2-4359-9ebd-a188800390a9?page=6']",1,Alianne (Aly) Cooper
National Velvet,"Bagnold, Enid","['Classics', 'Fiction', 'Horses', 'Young Adult', 'Animals', 'Childrens', 'Historical Fiction']","[1, 'Velvet Brown']","['https://en.wikipedia.org/wiki/National_Velvet', 'https://en.wikipedia.org/wiki/National_Velvet_(film)', 'https://cannonballread.com/2022/01/national-velvet-tracy/', 'https://www.ebsco.com/research-starters/history/enid-bagnold', 'https://potpourri2015.wordpress.com/2023/10/18/shelf-control-250-national-velvet-by-edith-bagnold/']",1,Velvet Brown
The Truth About the Harry Quebert Affair,"Dicker, Joël","['Thriller', 'Fiction', 'Mystery', 'Crime', 'France', 'Mystery Thriller', 'Contemporary']","[1, 'Nola Kellergan']","['https://www.supersummary.com/the-truth-about-the-harry-quebert-affair/major-character-analysis/', 'https://www.imdb.com/title/tt7134194/', 'https://en.wikipedia.org/wiki/The_Truth_About_the_Harry_Quebert_Affair_(miniseries)', 'https://addiction2fiction.wordpress.com/2017/10/15/the-truth-about-the-harry-quebert-affair-by-joel-dicker/', 'https://www.bookreporter.com/reviews/the-truth-about-the-harry-quebert-affair']",1,Nola Kellergan
Rebellion The MacGregors 6,"Roberts, Nora *","['Romance', 'Historical Romance', 'Historical', 'Fiction', 'Historical Fiction', 'Contemporary Romance', 'Adult']","[1, 'Serena MacGregor']","['https://www.goodreads.com/book/show/26047.Rebellion', 'https://www.goodreads.com/book/show/23594430', 'https://www.barnesandnoble.com/w/rebellion-nora-roberts/1009351599', 'https://www.ttpbooks.com/product/the-macgregors-rebellion-mm-by-nora-roberts/446', 'https://app.thestorygraph.com/book_reviews/bad939f2-93c5-4862-83eb-8dec21dec90f']",1,Serena MacGregor
The Fall The Strain Trilogy 2,"Toro, Guillermo del","['Horror', 'Vampires', 'Fiction', 'Fantasy', 'Thriller', 'Science Fiction', 'Paranormal']","[1, 'Dr. Nora Martinez']","['https://www.goodreads.com/book/show/13623985', 'https://en.wikipedia.org/wiki/The_Fall_(del_Toro_and_Hogan_novel)', 'https://dgs.swanlibraries.net/GroupedWork/90881cee-17ce-a069-cbbe-9617c7ae26fa-eng/Home?searchId=152937324&recordIndex=12&page=&searchSource=local', 'https://eagleeyebooks.com/book/9780061979231', 'https://thehungryreader.wordpress.com/2011/08/08/book-review-the-fall-the-strain-trilogy-by-guillermo-del-toro-and-chuck-hogan/']",1,Dr. Nora Martinez
Stranger in a Strange Land,"Heinlein, Robert A.","['Science Fiction', 'Fiction', 'Classics', 'Science Fiction Fantasy', 'Fantasy', 'Novels', 'Speculative Fiction']","[1, 'Gillian Boardman']","['https://www.sparknotes.com/lit/strangeland/characters/', 'https://en.wikipedia.org/wiki/Stranger_in_a_Strange_Land', 'https://iwouldratherbereadingblog.wordpress.com/2020/12/29/stranger-in-a-strange-land-by-robert-a-heinlein/', 'https://www.coursehero.com/lit/Stranger-in-a-Strange-Land/characters/', 'https://www.britannica.com/topic/Stranger-in-a-Strange-Land']",1,Gillian Boardman
Match Me If You Can Chicago Stars 6,"Phillips, Susan Elizabeth *","['Romance', 'Contemporary Romance', 'Contemporary', 'Chick Lit', 'Sports', 'Sports Romance', 'Fiction']","[1, 'Annabelle Granger']","['https://www.goodreads.com/book/show/73089.Match_Me_If_You_Can', 'https://susanelizabethphillips.com/book/match-me-if-you-can/', 'https://crawlingoverthepagesblog.wordpress.com/2016/10/11/match-me-if-you-can-by-susan-elizabeth-phillips-book-review/', 'https://allaboutromance.com/book-review/match-me-if-you-can-by-susan-elizabeth-phillips/', 'https://www.barnesandnoble.com/w/match-me-if-you-can-susan-elizabeth-phillips/1100553709']",1,Annabelle Granger
The Ship Who Searched Brainship 3,"McCaffrey, Anne; Lackey","['Science Fiction', 'Fantasy', 'Fiction', 'Science Fiction Fantasy', 'Romance', 'Space Opera', 'Adult']","[1, 'Tia Cade']","['https://goodreads.com/book/show/176850.The_Ship_Who_Searched__Brainship___3_', 'https://www.goodreads.com/book/similar/1090049-brain-ships-brainship-2-3', 'https://www.thriftbooks.com/w/the-ship-who-searched_anne-mccaffrey_mercedes-lackey/448989/', 'https://www.romance.io/authors/54556bb487eac3369a912692/anne-mccaffrey', 'https://www.thriftbooks.com/w/the-ship-who-sang_anne-mccaffrey/277029/']",1,Tia Cade
The Man of Property The Forsyte Chronicles 1,"Galsworthy, John","['Classics', 'Fiction', 'Historical Fiction', 'British Literature', 'Literature', 'Romance', '20th Century']","[1, 'Irene Forsyte']","['https://en.wikipedia.org/wiki/The_Forsyte_Saga', 'https://heavenali.wordpress.com/2015/01/07/the-man-of-property-john-galsworthy-1906/', 'http://obdg.blogspot.com/2020/03/the-man-of-property-by-john-galsworthy.html', 'http://faculty.webster.edu/corbetre/personal/reading/galsworthy-property.html', 'https://mirabiledictu.org/2015/01/15/galsworthys-a-man-of-property-the-forsyte-saga-volume-1/']",1,Irene Forsyte
Homeless Bird,"Whelan, Gloria","['Young Adult', 'Historical Fiction', 'Fiction', 'India', 'Middle Grade', 'Historical', 'Realistic Fiction']","[1, 'Koly']","['https://study.com/academy/lesson/homeless-bird-by-gloria-whelan-summary-characters.html', 'https://en.wikipedia.org/wiki/Homeless_Bird', 'https://www.pluggedin.com/book-reviews/homeless-bird/', 'https://www.adlit.org/books-and-authors/books/homeless-bird', 'https://www.goodreads.com/book/show/243229']",1,Koly
The Thirst Harry Hole 11,"Nesbø, Jo *","['Crime', 'Mystery', 'Fiction', 'Thriller', 'Nordic Noir', 'Mystery Thriller', 'Detective']","[1, 'Rakel Fauke']","['https://www.goodreads.com/book/show/32191590-the-thirst', 'https://longfellowbooks.com/book/9780804170222', 'https://crimefictionlover.com/2018/03/a-guide-to-harry-hole/', 'https://couchmagpie.com/2018/01/25/jo-nesbo-the-thirst/', 'http://crimebythebook.com/blog/2017/4/12/book-review-the-thirst-by-jo-nesbo']",1,Rakel Fauke
The Dark Garden,"Bradley, Eden *","['BDSM', 'Erotica', 'Romance', 'Contemporary', 'Erotic Romance', 'Adult', 'Fiction']","[1, 'Rowan Cassidy']","['https://archive.underthecoversbookblog.com/review-the-dark-garden-by-eden-bradley/', 'https://www.goodreads.com/book/show/623226.The_Dark_Garden', 'https://edenbradley.com/the-dark-garden/', 'https://www.goodreads.com/book/show/17308283', 'https://www.barnesandnoble.com/w/the-dark-garden-eden-bradley/1100303366']",1,Rowan Cassidy
All Passion Spent,"Sackville-West, Vita","['Classics', 'Fiction', 'Historical Fiction', 'British Literature', 'Feminism', '20th Century', 'Literary Fiction']","[1, 'Lady Slane']","['https://en.wikipedia.org/wiki/All_Passion_Spent', 'https://the-rambling.com/2020/10/23/issue10-page/', 'https://theaustralianlegend.wordpress.com/2020/03/07/all-passion-spent/', 'https://bookertalk.com/all-passion-spent/', 'http://mindpicker.blogspot.com/2022/02/all-passion-spent.html']",1,Lady Slane
Lost Souls New Orleans 5,"Jackson, Lisa *","['Mystery', 'Thriller', 'Romantic Suspense', 'Fiction', 'Suspense', 'Romance', 'Mystery Thriller']","[1, 'Kristi Bentz']","['https://www.goodreads.com/book/show/2191066.Lost_Souls', 'https://inspirethoughts.livejournal.com/639638.html', 'https://www.goodreads.com/book/show/6496794', 'https://www.romance.io/topics/best/heroine%20sleuth,contemporary/163', 'https://www.romance.io/topics/best/vampires,mystery/196']",1,Kristi Bentz
Gypped Regan Reilly Mystery 15,"Clark, Carol Higgins","['Mystery', 'Fiction', 'Mystery Thriller', 'Adult Fiction', 'Thriller', 'Cozy Mystery', 'Adult']","[1, 'Regan Reilly']","['https://www.goodreads.com/book/show/12958284-gypped', 'https://app.thestorygraph.com/book_reviews/c589660e-9977-45eb-b839-f0e90119d4ce?page=2', 'https://www.goodreads.com/book/show/18247177', 'https://books.apple.com/us/book/gypped/id455702493', 'https://www.bookreporter.com/reviews/gypped-a-regan-reilly-mystery']",1,Regan Reilly
The Kremlins Candidate Red Sparrow Trilogy 3,"Matthews, Jason","['Fiction', 'Thriller', 'Mystery', 'Espionage', 'Suspense', 'Russia', 'Spy Thriller']","[1, 'Dominika Egorova']","['https://malwarwickonbooks.com/red-sparrow-trilogy/', 'https://goodreads.com/book/show/30753713.The_Kremlin_s_Candidate__Red_Sparrow_Trilogy___3_', 'https://pecheyponderings.wordpress.com/2018/06/13/the-kremlins-candidate-red-sparrow-trilogy-3-by-jason-matthews/', 'https://www.goodreads.com/book/30753713/questions', 'https://parents.simonandschuster.com/9781501140099']",1,Dominika Egorova
The Wild Rose of Kilgannon Kilgannon 2,"Givens, Kathleen","['Historical Romance', 'Historical Fiction', 'Romance', 'Historical', 'Scotland', 'Fiction', 'Adult Fiction']","[1, 'Mary Lowell']","['https://www.goodreads.com/book/show/481528.The_Wild_Rose_of_Kilgannon', 'https://www.goodreads.com/book/show/481528', 'https://www.romance.io/topics/best/behind-doors,british-isles/4', 'https://www.romance.io/topics/most/europe,length-long/33', 'https://allaboutromance.com/book-review/the-wild-rose-of-kilgannon/']",1,Mary Lowell
Mistrals Kiss Meredith Gentry 5,"Hamilton, Laurell K. *","['Fantasy', 'Urban Fantasy', 'Paranormal', 'Romance', 'Paranormal Romance', 'Fae', 'Fiction']","[1, 'Meredith NicEssus/Merry Gentry']","['https://www.goodreads.com/book/show/30224', 'https://www.goodreads.com/book/show/30224.Mistral_s_Kiss', 'https://www.barnesandnoble.com/w/mistrals-kiss-laurell-k-hamilton/1100294445', 'https://www.librarything.com/work/1503197/35547210', ""https://en.wikipedia.org/wiki/Mistral's_Kiss""]",1,Meredith NicEssus/Merry Gentry
Melody Logan 1,"Andrews, V.C.","['Fiction', 'Young Adult', 'Horror', 'Romance', 'Gothic', 'Mystery', 'Contemporary']","[1, 'Melody Logan']","['https://www.goodreads.com/book/show/12646175', 'https://www.angelfire.com/tx4/completevcandrews/melody.htm', 'https://archive.org/details/melody0000andr_e5a2', 'https://www.goodreads.com/book/show/660524.Melody', 'https://secure.paperbackswap.com/Melody-Logan-Family-V-C-Andrews/book/067153470X/']",1,Melody Logan
Shadow of the Moon,"Kaye, M.M.","['Historical Fiction', 'Fiction', 'India', 'Romance', 'Historical', 'Historical Romance', 'Adventure']","[1, 'Winter de Ballesteros']","['https://shereadsnovels.com/2017/08/15/shadow-of-the-moon-by-m-m-kaye/', 'https://goodreads.com/book/show/28042421.Shadow_of_the_Moon', 'https://adarngoodread.blogspot.com/2017/08/book-review-shadow-of-moon-by-mm-kaye.html', 'https://www.librarything.com/work/53365', 'https://www.goodreads.com/book/show/560535.Shadow_of_the_Moon']",1,Winter de Ballesteros
Senlin Ascends The Books of Babel 1,"Bancroft, Josiah","['Fantasy', 'Fiction', 'Steampunk', 'Science Fiction', 'Adult', 'Adventure', 'High Fantasy']","[1, 'Edith']","['https://alligatorsandaneurysms.wordpress.com/2024/02/10/senlin-ascends-a-monument-to-great-character-writing/', 'https://fantasy-hive.co.uk/2021/11/senlin-ascends-by-josiah-bancroft-book-review/', 'https://forums.darklordpotter.net/threads/senlin-ascends-by-josiah-bancroft-is-probably-the-best-book-published-within-the-last-five-years.38319/', 'https://www.deviantart.com/confusedkangaroo/art/Senlin-Ascends-by-Josiah-Bancroft-A-review-781484229', 'https://ellexamines.wordpress.com/2020/01/21/hot-take-on-why-you-should-read-senlin-ascends-by-josiah-bancroft/']",1,Edith
The True and Outstanding Adventures of the Hunt Sisters,"Robinson, Elisabeth","['Fiction', 'Chick Lit', 'Contemporary', 'Novels', 'Humor', 'Adult Fiction', 'Book Club']","[1, 'Olivia Hunt']","['https://www.readinggroupguides.com/reviews/the-true-and-outstanding-adventures-of-the-hunt-sisters', 'https://www.goodreads.com/book/show/7829344', 'https://www.bookbrowse.com/reviews/index.cfm/book_number/1341/the-true-and-outstanding-adventures-of-the-hunt-sisters', 'https://app.thestorygraph.com/reviews/88a21524-4aa4-41fa-ad2e-4e10111d3748', 'http://eclecticreview.com/2012/06/20/the-true-and-outstanding-adventures-of-the-hunt-sisters-by-elisabeth-robinson/']",1,Olivia Hunt
Dj Dead Temperance Brennan 1,"Reichs, Kathy *","['Mystery', 'Fiction', 'Crime', 'Thriller', 'Mystery Thriller', 'Suspense', 'Adult']","[1, 'Temperance Brennan']","['https://en.wikipedia.org/wiki/Temperance_Brennan', 'https://en.wikipedia.org/wiki/Temperance_%22Bones%22_Brennan', 'https://kathyreichs.com/bones/', 'https://web.lib.unc.edu/ncnovels/index.php/2014/03/28/lights-camera-novel-kathy-reichs-temperance-brennan-series/', 'https://mountpleasantmagazine.com/2017/people/kathy-reichs-real-science-fact-fiction/']",1,Temperance Brennan
Queen By Right,"Easter Smith, Anne *","['Historical Fiction', 'Historical', 'Fiction', 'British Literature', 'Medieval', 'Romance', '15th Century']","[1, 'Cecily Neville']","['https://www.simonandschuster.com/books/Queen-By-Right/Anne-Easter-Smith/9781416550471', 'https://tobyasmith.com/2018/12/02/queen-by-right-by-anne-easter-smith-bookreview/', 'https://goodreads.com/book/show/8728017', 'http://www.elizabethkmahon.com/2011/05/scandalous-review-queen-by-right-anne.html', 'https://ggpbooks.com/book/9781416550471']",1,Cecily Neville
Redeeming 6 Boys of Tommen 4,"Walsh, Chloe *","['Romance', 'Sports Romance', 'Sports', 'Contemporary', 'Contemporary Romance', 'High School', 'New Adult']","[1, 'Aoife Molloy']","['https://www.goodreads.com/book/show/146943908-redeeming-6', 'https://www.barnesandnoble.com/w/redeeming-6-chloe-walsh/1143428730', 'https://www.cedarcanoebooks.com/products/redeeming-6-boys-of-tommen-4', 'https://www.goodreads.com/comment/index/264903952', 'https://www.instagram.com/honestfiction.club/p/DGJb6fLyHnM/']",1,Aoife Molloy
Touching Evil BishopSpecial Crimes Unit 4 Evil 1,"Hooper, Kay","['Mystery', 'Paranormal', 'Romance', 'Fiction', 'Thriller', 'Romantic Suspense', 'Suspense']","[1, 'Maggie Barnes']","['https://www.goodreads.com/book/show/625156.Touching_Evil', 'https://www.goodreads.com/book/show/625156', 'https://www.barnesandnoble.com/w/touching-evil-kay-hooper/1100267610?bvstate=pg%3A2%2Fct%3Ar', 'https://www.kayhooper.com/bishop/trilogy_evil.html', 'https://www.hideawayusedbooks.com/products/author/N/A/product_author_desc?page=144']",1,Maggie Barnes
Nerve,"Ryan, Jeanne *","['Young Adult', 'Thriller', 'Science Fiction', 'Fiction', 'Romance', 'Contemporary', 'Mystery']","[1, 'Vee']","['https://www.goodreads.com/book/show/31546414-nerve', 'https://notsomoderngirl.com/2017/09/08/review-nerve-by-jeanne-ryan/', 'https://www.pluggedin.com/book-reviews/nerve/', 'https://heartfullofbooks.com/2016/12/22/spoiler-review-nerve-by-jeanne-ryan/', 'https://literal.club/book/jeanne-ryannerve-llimf']",1,Vee
Plain Kate,"Bow, Erin *","['Fantasy', 'Young Adult', 'Fiction', 'Magic', 'Middle Grade', 'Young Adult Fantasy', 'Adventure']","[1, ""Katerina 'Kate' Svetlana""]","['https://en.wikipedia.org/wiki/Plain_Kate', 'https://www.goodreads.com/book/show/7877239-plain-kate', 'https://embowman.com/2011/reading-plain-kate-erin-bow/', 'https://www.thebooksmugglers.com/2010/08/joint-review-plain-kate-by-erin-bow.html', 'https://www.scholastic.ca/books/view/plain-kate']",1,Katerina 'Kate' Svetlana
The Painted Veil,"Maugham, W. Somerset","['Classics', 'Fiction', 'Historical Fiction', 'Romance', 'China', 'Literature', 'Historical']","[1, 'Kitty Fane']","['https://en.wikipedia.org/wiki/The_Painted_Veil_(novel)', 'https://babblingbooks.com.au/the-painted-veil/', 'https://classicsconsidered.com/2020/02/29/the-painted-veil-integrity-in-writing-the-power-of-conversation-and-grief/', 'https://davidpublisher.com/Public/uploads/Contribute/5f5ed7210f218.pdf', 'https://swiftlytiltingplanet.wordpress.com/2012/05/30/the-painted-veil-by-w-somerset-maugham/']",1,Kitty Fane
Remember Me,"Renham, Lynda *","['Thriller', 'Fiction', 'Suspense', 'Mystery', 'Mystery Thriller', 'Family', 'Drama']","[1, 'Clare']","['https://beinganne.com/2023/02/review-remember-me-by-lynda-renham-lyndarenham-bloodhoundbook-newrelease-thriller-rememberme/', 'https://www.loopyloulaura.com/book-reviews/remember-me-by-lynda-renham/', 'https://beinganne.com/2017/04/review-remember-me-by-lynda-renham-lyndarenham-thriller-amreading/', 'https://www.whisperingstories.com/remember-lynda-renham-book-review/', 'https://app.thestorygraph.com/book_reviews/e31cbd0e-1e18-431d-8da3-6cfb20f8b39b']",1,Clare
Punk 57,"Douglas, Penelope *","['New Adult', 'Contemporary', 'Young Adult', 'Contemporary Romance', 'High School', 'Fiction', 'Dark']","[1, 'Ryen Travarrow']","['https://sophsbookworld.wordpress.com/2020/06/27/book-review-punk-57-by-penelope-douglas/', 'https://www.goodreads.com/book/show/41021967-punk-57', 'https://crewfiction.com/blog/punk-57-characters', 'https://fragilebrokenfeels.wordpress.com/2019/05/13/punk-57-by-penelope-douglas-book-review/', 'https://trilogyofromance.com.au/blogs/reviews/book-review-punk-57-by-penelope-douglas']",1,Ryen Travarrow
Undercurrents,"Pearson, Ridley","['Mystery', 'Fiction', 'Crime', 'Thriller', 'Mystery Thriller', 'Detective', 'Suspense']","[1, 'Daphne Matthews']","['https://www.librarything.com/work/376682', 'https://www.barnesandnoble.com/w/undercurrents-ridley-pearson/1023219609', 'https://ridleypearson.com/book/undercurrents/', 'http://www.publishersweekly.com/9780312018412', 'https://www.thriftbooks.com/w/undercurrents-a-haunted-detective--a-shadowy-killer-and-a-city-drowning-in-a-tide-of-fear-a-lou-boldt-mystery_ridley-pearson/334025/']",1,Daphne Matthews
We Were the Mulvaneys,"Oates, Joyce Carol","['Fiction', 'Contemporary', 'Literary Fiction', 'Classics', 'Novels', 'Family', 'Adult Fiction']","[1, 'Marianne Mulvaney']","['https://www.penguinrandomhouse.com/books/329266/we-were-the-mulvaneys-by-joyce-carol-oates/9780452282827/readers-guide/', 'https://johnpistelli.com/2022/10/07/joyce-carol-oates-we-were-the-mulvaneys/', 'https://en.wikipedia.org/wiki/We_Were_the_Mulvaneys', 'https://www.supersummary.com/we-were-the-mulvaneys/major-character-analysis/', 'https://bookssnob.wordpress.com/2011/03/17/we-were-the-mulvaneys-by-joyce-carol-oates/']",1,Marianne Mulvaney
And Then You Die,"Johansen, Iris *","['Mystery', 'Suspense', 'Thriller', 'Fiction', 'Romance', 'Mystery Thriller', 'Romantic Suspense']","[1, 'Bess Grady']","['https://www.goodreads.com/book/show/6309983-and-then-you-die', 'http://www.publishersweekly.com/9780553106169', 'https://app.thestorygraph.com/book_reviews/5acc83fa-9345-4011-8ccc-36e7bb297fa6', 'https://www.kirkusreviews.com/book-reviews/iris-johansen/and-then-you-die-2/', 'https://www.fantasticfiction.com/j/iris-johansen/and-then-you-die.htm']",1,Bess Grady
The Unwritten Rule,"Scott, Elizabeth *","['Young Adult', 'Romance', 'Contemporary', 'Chick Lit', 'Fiction', 'Realistic Fiction', 'High School']","[1, 'Sarah']","['https://smartbitchestrashybooks.com/reviews/the-unwritten-rule-by-elizabeth-scott/', 'https://www.thebooksmugglers.com/2010/03/book-review-the-unwritten-rule-by-elizabeth-scott.html', 'https://www.goodreads.com/book/show/6589111-the-unwritten-rule', 'https://booksithinkyoushouldread.blogspot.com/2010/08/unwritten-rule.html', 'https://missprint.wordpress.com/2010/10/13/the-unwritten-rule-a-chick-lit-wednesday-review/']",1,Sarah
Heir to Edenbrooke Edenbrooke 05,"Donaldson, Julianne *","['Romance', 'Historical Fiction', 'Regency', 'Historical Romance', 'Historical', 'Fiction', 'Novella']","[1, 'Marianne Daventry']","['https://www.goodreads.com/book/show/36542034-edenbrooke-heir-to-edenbrooke', 'https://kellynrothauthor.com/2016/03/28/edenbrooke-by-julianne-donaldson/', 'https://shadowmountain.com/product/edenbrooke-heir-edenbrooke-collectors-edition/', 'https://www.juliannedonaldson.com/books', 'https://austenesquereviews.com/2016/08/edenbrooke-julianne-donaldson']",1,Marianne Daventry
Bound to Shadows Riley Jenson Guardian 8,"Arthur, Keri *","['Urban Fantasy', 'Paranormal', 'Paranormal Romance', 'Vampires', 'Fantasy', 'Romance', 'Werewolves']","[1, 'Riley Jenson']","['https://www.goodreads.com/book/show/6076380-bound-to-shadows', 'https://www.barnesandnoble.com/w/bound-to-shadows-keri-arthur/1100298122', 'https://www.keriarthur.com/books/riley-jenson-guardian-series/bound-to-shadows/', 'https://www.penguinrandomhouse.com/series/RJG/riley-jenson-guardian/', 'https://www.goodreads.com/series/40949-riley-jenson-guardian']",1,Riley Jenson
Fatal Tide,"Johansen, Iris *","['Mystery', 'Fiction', 'Suspense', 'Romance', 'Thriller', 'Romantic Suspense', 'Mystery Thriller']","[1, 'Melis Nemid']","['https://www.goodreads.com/book/show/272254.Fatal_Tide', 'https://www.bookreporter.com/reviews/fatal-tide', 'https://www.kirkusreviews.com/book-reviews/iris-johansen/fatal-tide/', 'https://app.thestorygraph.com/book_reviews/65468119-75c3-491d-850a-24fa50e21f86', 'https://www.bookbrowse.com/reviews/index.cfm/book_number/1293/fatal-tide']",1,Melis Nemid
On the Fence,"West, Kasie *","['Romance', 'Young Adult', 'Contemporary', 'Young Adult Contemporary', 'Fiction', 'Chick Lit', 'Realistic Fiction']","[1, ""Charlotte 'Charlie' Reynolds""]","['https://goodeyreads.com/2020/07/10/book-review-on-the-fence-by-kasie-west/', 'https://beautyandthebeanboots.wordpress.com/2017/08/13/on-the-fence-review/', 'https://www.readerpants.net/2014/06/review-on-fence-wes.html', 'https://www.goodreads.com/book/show/24763223', 'https://www.artsymusingsofabibliophile.com/2014/08/review-on-the-fence-by-kasie-west/']",1,Charlotte 'Charlie' Reynolds
Dauntless The Lost Fleet 1,"Campbell, Jack","['Science Fiction', 'Space Opera', 'Fiction', 'Military Fiction', 'Military Science Fiction', 'Space', 'War']","[1, 'Victoria Rione']","['https://www.goodreads.com/book/show/112292.Dauntless', 'https://jrhandley.com/2020/04/19/book-review-the-lost-fleet-series/', 'https://upstreamreviews.substack.com/p/book-review-the-lost-fleet-series', 'https://best-sci-fi-books.com/review-the-lost-fleet-dauntless-by-jack-campbell/', 'https://www.goodreads.com/book/112292.Dauntless/questions']",1,Victoria Rione
Reasonable Doubt Volume 2 Reasonable Doubt 2,"G., Whitney *","['Romance', 'Contemporary', 'Erotica', 'Contemporary Romance', 'New Adult', 'Adult', 'Novella']","[1, 'Aubrey']","['https://goodreads.com/book/show/20980373.Reasonable_Doubt_Volume_2__Reasonable_Doubt___2_', 'https://www.nbiblioholic.com/2023/02/review-reasonable-doubt-series-by.html', 'https://app.thestorygraph.com/book_reviews/3afd38d6-0b41-459a-85b5-b632192ac32d', 'https://remarkablylisa.wordpress.com/2017/08/18/book-review-reasonable-doubt-volume-2-by-whitney-g/', 'https://thebooknerdinme.wordpress.com/2014/06/09/book-review-reasonable-doubt-volume-2-by-whitney-gracia-williams/']",1,Aubrey
Jennas Cowboy The Callahans of Texas 1,"Gillenwater, Sharon","['Romance', 'Christian Fiction', 'Christian', 'Fiction', 'Westerns', 'Contemporary', 'Christian Romance']","[1, 'Jenna']","['https://www.goodreads.com/book/show/6883162', 'https://www.goodreads.com/author/show/349962.Sharon_Gillenwater', 'https://www.romance.io/topics/best/cowboys,christian/27', 'https://www.romance.io/topics/best/cowboys,military/23', 'https://personalization.mpi-inf.mpg.de/PERSPECTIVES23/GR10k_random/users_profile_item.title_random_sentence_csTrue_nnTrue.csv']",1,Jenna
A Lion Among Men The Wicked Years 3,"Maguire, Gregory","['Fantasy', 'Fiction', 'Retellings', 'Adult', 'Fairy Tales', 'Science Fiction Fantasy', 'Magic']","[1, 'Yackle']","['https://en.wikipedia.org/wiki/A_Lion_Among_Men', 'https://www.goodreads.com/book/show/3124249-a-lion-among-men', 'https://www.bookey.app/book/a-lion-among-men', 'https://www.csmonitor.com/Books/Book-Reviews/2008/1020/a-lion-among-men', 'https://bookstakeyouplaces.com/2013/02/18/review-a-lion-among-men-by-gregory-maguire/']",1,Yackle
Newtons Wake,"MacLeod, Ken","['Science Fiction', 'Fiction', 'Space Opera', 'Singularity', 'Space', 'Science Fiction Fantasy', 'Novels']","[1, 'Lucinda Carlyle']","[""https://en.wikipedia.org/wiki/Newton's_Wake:_A_Space_Opera"", 'https://kara.reviews/newtons-wake/', 'https://www.goodreads.com/book/show/19509244-newton-s-wake', 'https://sff180.com/reviews/m/macleod_ken/newtons_wake.html', 'https://app.thestorygraph.com/book_reviews/a6398c15-85ec-4f33-9b5b-e8de80981eab?page=2']",1,Lucinda Carlyle
Small Steps Holes 2,"Sachar, Louis *","['Young Adult', 'Fiction', 'Realistic Fiction', 'Contemporary', 'Middle Grade', 'Childrens', 'Teen']","[1, 'Ginny']","['https://www.goodreads.com/book/show/38703.Small_Steps', 'https://www.teacherspayteachers.com/browse?search=small+steps+louis+sachar', 'https://www.goodreads.com/author/quotes/6569.Louis_Sachar?container=myspace&page=2', 'https://aislinnoc.wordpress.com/2018/08/07/reviewing-the-unreviewed-marchapril-2018/', 'https://www.therunningbibliophile.com/p/ya-books-childrens-books.html']",1,Ginny
Generational Sins Generational Sins 1,"Blair, Samantha","['BDSM', 'Erotica', 'Romance', 'Dark', 'Contemporary', 'Erotic Romance', 'Adult']","[1, 'Katlyn Lake']","['https://www.goodreads.com/book/show/12141229-generational-sins', 'https://www.romance.io/topics/best/explicit-plentiful,abuse/110', 'https://www.romance.io/topics/most/college,rape/11', 'https://www.perusingtheshelves.com/fanfiction/twifiction/', 'https://www.maryse.net/books/book-recommendations/reader-recommendations-books-that-took-us-out-of-our-comfort-zone.html']",1,Katlyn Lake
Firefly Beach Hubbards Point,"Rice, Luanne *","['Fiction', 'Romance', 'Chick Lit', 'Family', 'Womens Fiction', 'Contemporary Romance', 'Contemporary']","[1, 'Caroline Renwick']","['https://www.goodreads.com/book/show/297220.Firefly_Beach', 'https://www.goodreads.com/book/show/35448469-firefly-beach', 'https://www.bookseriesinorder.com/hubbards-point/', 'https://luannerice.com/luanne-blog-news/firefly-beach', 'https://www.penguinrandomhouse.com/series/A3G/hubbards-point/ebooks/']",1,Caroline Renwick
Anna and Her Daughters,"Stevenson, D.E.","['Fiction', 'Romance', 'Historical Fiction', 'Scotland', 'Novels', 'British Literature', 'Historical']","[1, 'Anna Harcourt']","['https://heavenali.wordpress.com/2022/02/14/anna-and-her-daughters-d-e-stevenson-1958/', 'https://www.goodreads.com/book/show/59628650-anna-and-her-daughters', 'http://dalyght.ca/DEStevenson/des_monahan/character.html', 'https://www.librarything.com/topic/182971', 'https://www.goodreads.com/book/show/26136832-anna-and-her-daughters']",1,Anna Harcourt
The Woman of Rome,"Moravia, Alberto","['Fiction', 'Italy', 'Italian Literature', 'Classics', 'Novels', 'Literature', '20th Century']","[1, 'Adriana']","['https://www.ebsco.com/research-starters/literature-and-writing/woman-rome-alberto-moravia', 'https://en.wikipedia.org/wiki/The_Woman_of_Rome', 'https://www.goodreads.com/book/show/67147.The_Woman_of_Rome', 'https://www.irishtimes.com/culture/books/in-praise-of-older-books-the-woman-of-rome-by-alberto-moravia-1947-1.3644673', 'https://1streading.wordpress.com/2016/10/21/the-woman-of-rome/']",1,Adriana
The Chesapeake Series Sea Swept  Rising Tides  Inner Harbor  Chesapeake Blue Chesapeake Bay Saga 14,"Roberts, Nora *","['Romance', 'Contemporary Romance', 'Fiction', 'Chick Lit', 'Contemporary', 'Romantic Suspense', 'Love']","[1, 'Sybill']","['https://www.penguinrandomhouse.com/series/APQ/chesapeake-bay-saga/', 'https://www.goodreads.com/book/show/114147.The_Chesapeake_Series', 'https://allieereads.com/2020/02/06/nora-roberts-and-her-strong-female-protagonists-fiercefemalereadsfebruary/', 'https://allaboutromance.com/book-review/chesapeake-blue/', 'https://www.goodreads.com/series/42634-chesapeake-bay-saga']",1,Sybill
The Sound of One Hand Clapping,"Flanagan, Richard","['Fiction', 'Australia', 'Historical Fiction', 'Tasmania', 'Literary Fiction', 'Contemporary', 'Novels']","[1, 'Sonja Buloh']","['https://theaustralianlegend.wordpress.com/2017/12/23/the-sound-of-one-hand-clapping/', 'https://regarp.com/2017/06/04/review-of-the-sound-of-one-hand-clapping-by-richard-flanagan/', 'https://www.imdb.com/title/tt0120837/', 'https://bookertalk.com/one-hand-clapping/', 'https://glli-us.org/2023/04/04/tasmanianlitmonth-the-sound-of-one-hand-clapping/']",1,Sonja Buloh
A Snicker of Magic,"Lloyd, Natalie","['Fantasy', 'Middle Grade', 'Magical Realism', 'Fiction', 'Magic', 'Childrens', 'Family']","[1, 'Felicity Pickle']","['https://www.supersummary.com/a-snicker-of-magic/major-character-analysis/', 'https://natalielloyd.com/books/a-snicker-of-magic/', 'https://paperbreathers.wordpress.com/2014/02/23/review-a-snicker-of-magic-by-natalie-lloyd/', 'http://www.readingtoknow.com/2014/02/a-snicker-of-magic-by-natalie-lloyd.html', 'http://tweenlibrarian.blogspot.com/2015/01/snicker-of-magic-by-natalie-lloyd.html']",1,Felicity Pickle
Legendborn The Legendborn Cycle 1,"Deonn, Tracy *","['Fantasy', 'Young Adult', 'Romance', 'Fiction', 'Young Adult Fantasy', 'Urban Fantasy', 'Retellings']","[1, 'Bree Matthews']","['https://www.tracydeonn.com/legendborn', 'https://en.wikipedia.org/wiki/Legendborn', 'https://lelyreads.com/2021/02/23/legendborn/', 'https://thebookwyrmsden.com/2020/09/13/legendborn-by-tracy-deonn/', 'https://ourcolourfulpages.wordpress.com/2021/03/27/legendborn-by-tracy-deonn/']",1,Bree Matthews
An Ember in the Ashes An Ember in the Ashes 1,"Tahir, Sabaa *","['Fantasy', 'Young Adult', 'Romance', 'Fiction', 'Young Adult Fantasy', 'Dystopia', 'High Fantasy']","[1, 'Laia']","['https://quillandbooks.com/2016/09/30/an-ember-in-the-ashes/', 'https://en.wikipedia.org/wiki/An_Ember_in_the_Ashes', 'https://culture.affinitymagazine.us/an-ember-in-the-ashes-book-review/', 'https://www.goodreads.com/book/show/36506218-an-ember-in-the-ashes', 'https://throughthebookportal.com/2018/04/30/diverse-characters-monday-5-laia-of-serra/']",1,Laia
The Wall of Winnipeg and Me,"Zapata, Mariana *","['Romance', 'Sports Romance', 'Sports', 'Contemporary', 'Contemporary Romance', 'New Adult', 'Adult']","[1, 'Vanessa Mazur']","['https://allaboutromance.com/book-review/the-wall-of-winnipeg-and-me-by-mariana-zapata/', 'https://romancebythebook.com/2024/05/07/the-wall-of-winnipeg-and-me-by-mariana-zapata/', 'https://simplylovebooks.com/2023/07/sharons-review-the-wall-of-winnipeg-and-me-by-mariana-zapata.html', 'https://www.goodreads.com/book/show/29367958-the-wall-of-winnipeg-and-me', 'https://www.goodreads.com/book/show/28318522-the-wall-of-winnipeg-and-me']",1,Vanessa Mazur
Hate List,"Brown, Jennifer","['Young Adult', 'Contemporary', 'Fiction', 'Realistic Fiction', 'Teen', 'Mental Health', 'High School']","[1, 'Valerie Leftman']","['https://www.goodreads.com/book/show/6316171-hate-list', 'https://en.wikipedia.org/wiki/Hate_List', 'https://everyday-reading.com/hate-list-by-jennifer-brown/', 'https://taralazar.com/2009/02/05/jennifer-brown/', 'https://theloonyteenwriter.wordpress.com/2014/08/25/hate-list-by-jennifer-brown-not-just-about-a-school-shooting/']",1,Valerie Leftman
Abducted,"Pinkerton, Brian *","['Mystery', 'Thriller', 'Fiction', 'Mystery Thriller', 'Suspense', 'Drama']","[1, 'Anita Sherwood']","['https://www.goodreads.com/en/book/show/24881512', 'https://www.barnesandnoble.com/w/abducted-brian-pinkerton/1006111734', 'https://brianpinkerton.com/books/abducted/', 'http://horrordrive-in.com/serendipity2021/index.php?%2Farchives%2F1481-Abducted%2C-by-Brian-Pinkerton.html', 'https://www.goodreads.com/book/show/24881512-abducted']",1,Anita Sherwood
Little House on the Prairie Little House 3,"Wilder, Laura Ingalls","['Classics', 'Historical Fiction', 'Childrens', 'Fiction', 'Young Adult', 'Historical', 'Middle Grade']","[1, 'Laura Ingalls']","['https://www.ebsco.com/research-starters/literature-and-writing/little-house-prairie-analysis-major-characters', 'https://en.wikipedia.org/wiki/List_of_Little_House_on_the_Prairie_characters', 'https://en.wikipedia.org/wiki/Little_House_on_the_Prairie_(TV_series)', 'https://www.imdb.com/title/tt0071007/', 'https://study.com/academy/lesson/little-house-on-the-prairie-characters.html']",1,Laura Ingalls
Blue Moon Anita Blake Vampire Hunter 8,"Hamilton, Laurell K. *","['Urban Fantasy', 'Vampires', 'Fantasy', 'Paranormal', 'Romance', 'Paranormal Romance', 'Horror']","[1, 'Anita Blake']","['https://en.wikipedia.org/wiki/List_of_Anita_Blake:_Vampire_Hunter_characters', 'https://en.wikipedia.org/wiki/Anita_Blake', 'https://www.goodreads.com/series/49083-anita-blake-vampire-hunter', 'https://www.goodreads.com/book/show/30246', 'https://www.goodreads.com/book/show/30246.Blue_Moon']",1,Anita Blake
Rook,"Cameron, Sharon *","['Young Adult', 'Dystopia', 'Fantasy', 'Romance', 'Science Fiction', 'Retellings', 'Historical Fiction']","[1, 'Sophia Bellamy']","['https://scribblesandwanderlust.com/2015/06/22/book-review-rook-by-sharon-cameron/', 'https://www.ramblingsonreadings.com/book-review-rook-by-sharon-cameron/', 'https://thekeysmashblog.com/review-rook-by-sharon-cameron/', 'https://www.goodreads.com/book/show/23399192', 'https://yabookscentral.com/rook/']",1,Sophia Bellamy
Mexican Gothic,"Moreno-Garcia, Silvia *","['Horror', 'Fiction', 'Historical Fiction', 'Gothic', 'Mystery', 'Fantasy', 'Thriller']","[1, 'Noemí Taboada']","['https://en.wikipedia.org/wiki/Mexican_Gothic', 'https://www.litcharts.com/lit/mexican-gothic/themes/sexism-female-independence-and-power', 'https://silviamoreno-garcia.com/writing/mexican-gothic/', 'https://www.allarts.org/2020/10/reading-diary-silvia-moreno-garcia-mexican-gothic/', 'https://scholarworks.lib.csusb.edu/etd/1697/']",1,Noemí Taboada
A Song of Ice and Fire series 5Book Boxed Set,"Martin, George R.R.","['Fantasy', 'Fiction', 'Science Fiction Fantasy', 'Adventure', 'Novels', 'Epic Fantasy', 'Dragons']","[1, 'Daenerys Targaryen']","['https://valeriideshevykh.com/asoiaf-female-characters-you-need-to-know/', 'https://awoiaf.westeros.org/index.php/Warrior_women', 'https://asoiaf.westeros.org/index.php?%2Ftopic%2F109840-favorite-female-character%2F', 'https://en.wikipedia.org/wiki/List_of_A_Song_of_Ice_and_Fire_characters', 'https://geekmom.com/2018/12/5-female-characters-from-grrms-fire-blood-that-need-their-own-series/']",1,Daenerys Targaryen
The Age of Miracles,"Walker, Karen Thompson *","['Fiction', 'Young Adult', 'Science Fiction', 'Dystopia', 'Coming Of Age', 'Fantasy', 'Post Apocalyptic']","[1, 'Julia']","['https://www.goodreads.com/book/show/12401556-the-age-of-miracles', 'https://takestwotobookreview.com/2019/04/30/review-the-age-of-miracles-by-karen-thompson-walker/', 'https://en.wikipedia.org/wiki/The_Age_of_Miracles', 'https://www.thecommononline.org/playing-it-safe-in-the-suburbs-the-age-of-miracles-by-karen-thompson-walker/', 'https://www.thebooksmugglers.com/2012/07/book-review-the-age-of-miracles-by-karen-thompson-walker.html']",1,Julia
London Match Bernard Samson 3,"Deighton, Len","['Fiction', 'Espionage', 'Thriller', 'Spy Thriller', 'Mystery', 'Historical Fiction', 'British Literature']","[1, 'Fiona Samson']","['https://en.wikipedia.org/wiki/London_Match', 'https://www.goodreads.com/book/show/386252', 'http://deightondossier.blogspot.com/2015/10/game-set-but-not-match-reader-invites.html', 'https://www.librarything.com/character/Fiona+Samson', 'https://www.deightondossier.net/Books/Fiction/']",1,Fiona Samson
The Eternal Flame Merlin 11,"Barron, T.A. *","['Fantasy', 'Young Adult', 'Fiction', 'Arthurian', 'Middle Grade', 'High Fantasy', 'Magic']","[1, 'Elliriyanna Lailoken/Elli']","['https://www.goodreads.com/book/show/24087', 'https://simonpastor.com/goodreads_book_recommendation/', 'https://en.wikipedia.org/wiki/Merlin_Book_11:_The_Eternal_Flame', 'https://tabarron.com/books/the-eternal-flame/', 'https://www.thebookbungalow.com/book/9780142419298']",1,Elliriyanna Lailoken/Elli
The Black Cauldron The Chronicles of Prydain 2,"Alexander, Lloyd","['Fantasy', 'Young Adult', 'Fiction', 'Childrens', 'Middle Grade', 'Classics', 'Adventure']","[1, 'Eilonwy']","['https://en.wikipedia.org/wiki/Princess_Eilonwy', 'https://www.pinterest.com/pin/100345897935915847/', 'https://en.wikipedia.org/wiki/The_Black_Cauldron_(film)', 'https://ladiesofcomicazi.com/posts/2012/12/26/kickass-fictional-ladies-princess-eilonwy', 'https://katenorlander.com/something-wonderful-the-chronicles-of-prydain/']",1,Eilonwy
